Wk,Day,Date,Time,Home,Score,Away,Attendance,Venue,Referee,Match Report,Notes
1,Wed,2026-09-16,19:45 (18:45),AC Omonia cy,1–0,es Celta Vigo,11271,Neo GSP,Balázs Berke,Match Report,
1,Wed,2026-09-16,20:00 (21:00),Sunderland eng,1–0,nl AZ Alkmaar,45555,Stadium of Light,Jérémie Pignard,Match Report,
1,Wed,2026-09-16,20:45 (18:45),Ararat-Armenia am,1–4,cz Sparta Prague,11400,Vazgen Sargsyan anvan Hanrapetakan Marza...,Mohammed Al Hakim,Match Report,
1,Wed,2026-09-16,21:00,Milan it,0–2,pt Benfica,68393,Stadio Giuseppe Meazza,Jarred Gillett,Match Report,
1,Wed,2026-09-16,21:00,Sturm Graz at,0–0,fr Rennes,13109,Merkur Arena,Manfredas Lukjančukas,Match Report,
1,Wed,2026-09-16,21:00,Leverkusen de,2–0,si NK Celje,27945,BayArena,Jasper Vergoote,Match Report,
1,Wed,2026-09-16,21:00,Anderlecht be,1–2,fr Lyon,16337,Lotto Park,Ricardo de Burgos,Match Report,
1,Wed,2026-09-16,22:00 (21:00),H. Be'er Sheva il,0–0,hr Dinamo Zagreb,1102,Superbet Arena-Giulești,John Brooks,Match Report,
1,Wed,2026-09-16,22:00 (21:00),Olympiacos gr,2–1,pl Jagiellonia,30540,Stadio Georgios Karaiskáki,Harm Osmers,Match Report,
1,Thu,2026-09-17,19:45 (18:45),Levski Sofia bg,0–1,at RB Salzburg,22378,Stadion Vasil Levski,Mohammad Al Emara,Match Report,
1,Thu,2026-09-17,19:45 (18:45),OFI Crete gr,2–0,de Hoffenheim,14909,Pankritio Stadio,Javier Alberola,Match Report,
1,Thu,2026-09-17,20:00 (21:00),Crystal Palace eng,4–0,pl Lech Poznań,18117,Selhurst Park,Michal Očenáš,Match Report,
1,Thu,2026-09-17,20:00 (21:00),Celtic sct,1–3,hu Ferencváros,48223,Celtic Park,Patrik Kolarić,Match Report,
1,Thu,2026-09-17,21:00,Lillestrøm no,1–2,pt Torreense,6568,Åråsen Stadion,Ondřej Berka,Match Report,
1,Thu,2026-09-17,21:00,Real Sociedad es,1–2,eng Bournemouth,30020,Reale Arena,Paweł Raczkowski,Match Report,
1,Thu,2026-09-17,21:00,Juventus it,5–0,nl NEC Nijmegen,41407,Allianz Stadium,Oleksii Derevinskyi,Match Report,
1,Thu,2026-09-17,21:00,Viktoria Plzeň cz,0–3,be Union SG,8211,Doosan Arena,Igal Frid,Match Report,
1,Thu,2026-09-17,22:00 (21:00),Beşiktaş tr,4–1,fr Marseille,39831,Tüpraş Stadyumu,Andrea Colombo,Match Report,
,,,,,,,,,,,
2,Thu,2026-10-15,17:45 (18:45),Torreense pt,,eng Sunderland,,Estádio Dr. Magalhães Pessoa,,Head-to-Head,
2,Thu,2026-10-15,18:45,Lyon fr,,eng Crystal Palace,,Groupama Stadium,,Head-to-Head,
2,Thu,2026-10-15,18:45,AZ Alkmaar nl,,il H. Be'er Sheva,,AFAS Stadion,,Head-to-Head,
2,Thu,2026-10-15,18:45,RB Salzburg at,,it Milan,,Red Bull Arena,,Head-to-Head,
2,Thu,2026-10-15,18:45,Lech Poznań pl,,de Leverkusen,,ENEA Stadion,,Head-to-Head,
2,Thu,2026-10-15,18:45,NK Celje si,,cy AC Omonia,,Stadion Z'dežele,,Head-to-Head,
2,Thu,2026-10-15,18:45,Sparta Prague cz,,no Lillestrøm,,epet Arena,,Head-to-Head,
2,Thu,2026-10-15,18:45,Union SG be,,es Real Sociedad,,King Power at Den Dreef Stadion,,Head-to-Head,
2,Thu,2026-10-15,20:00 (21:00),Benfica pt,,sct Celtic,,Estádio do Sport Lisboa e Benfica,,Head-to-Head,
2,Thu,2026-10-15,20:00 (21:00),Bournemouth eng,,at Sturm Graz,,Vitality Stadium,,Head-to-Head,
2,Thu,2026-10-15,21:00,Ferencváros hu,,cz Viktoria Plzeň,,Groupama Arena,,Head-to-Head,
2,Thu,2026-10-15,21:00,Marseille fr,,gr Olympiacos,,Orange Vélodrome,,Head-to-Head,
2,Thu,2026-10-15,21:00,NEC Nijmegen nl,,bg Levski Sofia,,Goffertstadion,,Head-to-Head,
2,Thu,2026-10-15,21:00,Celta Vigo es,,it Juventus,,Estadio Abanca Balaídos,,Head-to-Head,
2,Thu,2026-10-15,21:00,Rennes fr,,gr OFI Crete,,Roazhon Park,,Head-to-Head,
2,Thu,2026-10-15,21:00,Dinamo Zagreb hr,,be Anderlecht,,Stadion Maksimir,,Head-to-Head,
2,Thu,2026-10-15,21:00,Jagiellonia pl,,am Ararat-Armenia,,Chorten Arena,,Head-to-Head,
2,Thu,2026-10-15,21:00,Hoffenheim de,,tr Beşiktaş,,PreZero Arena,,Head-to-Head,
,,,,,,,,,,,
3,Thu,2026-10-22,18:45,Ferencváros hu,,pt Torreense,,Groupama Arena,,Head-to-Head,
3,Thu,2026-10-22,18:45,Dinamo Zagreb hr,,nl NEC Nijmegen,,Stadion Maksimir,,Head-to-Head,
3,Thu,2026-10-22,18:45,Lech Poznań pl,,eng Sunderland,,ENEA Stadion,,Head-to-Head,
3,Thu,2026-10-22,18:45,Juventus it,,fr Rennes,,Allianz Stadium,,Head-to-Head,
3,Thu,2026-10-22,18:45,Sturm Graz at,,fr Marseille,,Merkur Arena,,Head-to-Head,
3,Thu,2026-10-22,18:45,Union SG be,,il H. Be'er Sheva,,King Power at Den Dreef Stadion,,Head-to-Head,
3,Thu,2026-10-22,19:45 (18:45),OFI Crete gr,,de Leverkusen,,Pankritio Stadio,,Head-to-Head,
3,Thu,2026-10-22,20:00 (21:00),Celtic sct,,es Celta Vigo,,Celtic Park,,Head-to-Head,
3,Thu,2026-10-22,20:00 (21:00),Bournemouth eng,,it Milan,,Vitality Stadium,,Head-to-Head,
3,Thu,2026-10-22,20:45 (18:45),Ararat-Armenia am,,nl AZ Alkmaar,,Vahagn Tumasyan Stadium,,Head-to-Head,
3,Thu,2026-10-22,21:00,Hoffenheim de,,fr Lyon,,PreZero Arena,,Head-to-Head,
3,Thu,2026-10-22,21:00,Viktoria Plzeň cz,,bg Levski Sofia,,Doosan Arena,,Head-to-Head,
3,Thu,2026-10-22,21:00,NK Celje si,,at RB Salzburg,,Stadion Z'dežele,,Head-to-Head,
3,Thu,2026-10-22,21:00,Jagiellonia pl,,be Anderlecht,,Chorten Arena,,Head-to-Head,
3,Thu,2026-10-22,21:00,Lillestrøm no,,es Real Sociedad,,Åråsen Stadion,,Head-to-Head,
3,Thu,2026-10-22,22:00 (21:00),AC Omonia cy,,pt Benfica,,Neo GSP,,Head-to-Head,
3,Thu,2026-10-22,22:00 (21:00),Beşiktaş tr,,eng Crystal Palace,,Tüpraş Stadyumu,,Head-to-Head,
3,Thu,2026-10-22,22:00 (21:00),Olympiacos gr,,cz Sparta Prague,,Stadio Georgios Karaiskáki,,Head-to-Head,
,,,,,,,,,,,
4,Thu,2026-11-05,17:45 (18:45),Crystal Palace eng,,de Hoffenheim,,Selhurst Park,,Head-to-Head,
4,Thu,2026-11-05,18:45,Rennes fr,,gr Olympiacos,,Roazhon Park,,Head-to-Head,
4,Thu,2026-11-05,18:45,Real Sociedad es,,fr Lyon,,Reale Arena,,Head-to-Head,
4,Thu,2026-11-05,18:45,Sparta Prague cz,,eng Bournemouth,,epet Arena,,Head-to-Head,
4,Thu,2026-11-05,18:45,Milan it,,hu Ferencváros,,Stadio Giuseppe Meazza,,Head-to-Head,
4,Thu,2026-11-05,18:45,Lillestrøm no,,cz Viktoria Plzeň,,Åråsen Stadion,,Head-to-Head,
4,Thu,2026-11-05,18:45,Anderlecht be,,at RB Salzburg,,Lotto Park,,Head-to-Head,
4,Thu,2026-11-05,18:45,NEC Nijmegen nl,,cy AC Omonia,,Goffertstadion,,Head-to-Head,
4,Thu,2026-11-05,19:45 (18:45),Levski Sofia bg,,pl Jagiellonia,,Stadion Georgi Asparuhov,,Head-to-Head,
4,Thu,2026-11-05,20:00 (21:00),Torreense pt,,am Ararat-Armenia,,Estádio Dr. Magalhães Pessoa,,Head-to-Head,
4,Thu,2026-11-05,20:00 (21:00),Benfica pt,,pl Lech Poznań,,Estádio do Sport Lisboa e Benfica,,Head-to-Head,
4,Thu,2026-11-05,20:00 (21:00),Celtic sct,,tr Beşiktaş,,Celtic Park,,Head-to-Head,
4,Thu,2026-11-05,20:00 (21:00),Sunderland eng,,hr Dinamo Zagreb,,Stadium of Light,,Head-to-Head,
4,Thu,2026-11-05,21:00,Celta Vigo es,,be Union SG,,Estadio Abanca Balaídos,,Head-to-Head,
4,Thu,2026-11-05,21:00,AZ Alkmaar nl,,it Juventus,,AFAS Stadion,,Head-to-Head,
4,Thu,2026-11-05,21:00,Sturm Graz at,,si NK Celje,,Merkur Arena,,Head-to-Head,
4,Thu,2026-11-05,21:00,Leverkusen de,,fr Marseille,,BayArena,,Head-to-Head,
4,Thu,2026-11-05,22:00 (21:00),H. Be'er Sheva il,,gr OFI Crete,,Superbet Arena-Giulești,,Head-to-Head,
,,,,,,,,,,,
5,Thu,2026-11-26,18:45,Marseille fr,,bg Levski Sofia,,Orange Vélodrome,,Head-to-Head,
5,Thu,2026-11-26,18:45,Viktoria Plzeň cz,,pt Benfica,,Doosan Arena,,Head-to-Head,
5,Thu,2026-11-26,18:45,Dinamo Zagreb hr,,de Leverkusen,,Stadion Maksimir,,Head-to-Head,
5,Thu,2026-11-26,18:45,RB Salzburg at,,am Ararat-Armenia,,Red Bull Arena,,Head-to-Head,
5,Thu,2026-11-26,18:45,Celta Vigo es,,eng Bournemouth,,Estadio Abanca Balaídos,,Head-to-Head,
5,Thu,2026-11-26,18:45,Union SG be,,pl Lech Poznań,,King Power at Den Dreef Stadion,,Head-to-Head,
5,Thu,2026-11-26,19:45 (18:45),Olympiacos gr,,it Milan,,Stadio Georgios Karaiskáki,,Head-to-Head,
5,Thu,2026-11-26,20:00 (21:00),Torreense pt,,sct Celtic,,Estádio Dr. Magalhães Pessoa,,Head-to-Head,
5,Thu,2026-11-26,20:00 (21:00),Sunderland eng,,pl Jagiellonia,,Stadium of Light,,Head-to-Head,
5,Thu,2026-11-26,20:00 (21:00),Crystal Palace eng,,es Real Sociedad,,Selhurst Park,,Head-to-Head,
5,Thu,2026-11-26,20:45 (18:45),Beşiktaş tr,,il H. Be'er Sheva,,Tüpraş Stadyumu,,Head-to-Head,
5,Thu,2026-11-26,21:00,Ferencváros hu,,si NK Celje,,Groupama Arena,,Head-to-Head,
5,Thu,2026-11-26,21:00,Sparta Prague cz,,nl AZ Alkmaar,,epet Arena,,Head-to-Head,
5,Thu,2026-11-26,21:00,Juventus it,,cy AC Omonia,,Allianz Stadium,,Head-to-Head,
5,Thu,2026-11-26,21:00,Lyon fr,,no Lillestrøm,,Groupama Stadium,,Head-to-Head,
5,Thu,2026-11-26,21:00,NEC Nijmegen nl,,fr Rennes,,Goffertstadion,,Head-to-Head,
5,Thu,2026-11-26,21:00,Hoffenheim de,,at Sturm Graz,,PreZero Arena,,Head-to-Head,
5,Thu,2026-11-26,22:00 (21:00),OFI Crete gr,,be Anderlecht,,Pankritio Stadio,,Head-to-Head,
,,,,,,,,,,,
6,Thu,2026-12-10,18:45,Jagiellonia pl,,eng Crystal Palace,,Chorten Arena,,Head-to-Head,
6,Thu,2026-12-10,18:45,AZ Alkmaar nl,,at Sturm Graz,,AFAS Stadion,,Head-to-Head,
6,Thu,2026-12-10,18:45,Marseille fr,,es Celta Vigo,,Orange Vélodrome,,Head-to-Head,
6,Thu,2026-12-10,18:45,Rennes fr,,hr Dinamo Zagreb,,Roazhon Park,,Head-to-Head,
6,Thu,2026-12-10,18:45,Anderlecht be,,de Hoffenheim,,Lotto Park,,Head-to-Head,
6,Thu,2026-12-10,19:45 (18:45),AC Omonia cy,,sct Celtic,,Neo GSP,,Head-to-Head,
6,Thu,2026-12-10,19:45 (18:45),H. Be'er Sheva il,,it Juventus,,Superbet Arena-Giulești,,Head-to-Head,
6,Thu,2026-12-10,20:00 (21:00),Benfica pt,,gr OFI Crete,,Estádio do Sport Lisboa e Benfica,,Head-to-Head,
6,Thu,2026-12-10,20:00 (21:00),Bournemouth eng,,cz Viktoria Plzeň,,Vitality Stadium,,Head-to-Head,
6,Thu,2026-12-10,21:00,RB Salzburg at,,cz Sparta Prague,,Red Bull Arena,,Head-to-Head,
6,Thu,2026-12-10,21:00,Leverkusen de,,tr Beşiktaş,,BayArena,,Head-to-Head,
6,Thu,2026-12-10,21:00,Lech Poznań pl,,hu Ferencváros,,ENEA Stadion,,Head-to-Head,
6,Thu,2026-12-10,21:00,Real Sociedad es,,pt Torreense,,Reale Arena,,Head-to-Head,
6,Thu,2026-12-10,21:00,Milan it,,eng Sunderland,,Stadio Giuseppe Meazza,,Head-to-Head,
6,Thu,2026-12-10,21:00,Lyon fr,,be Union SG,,Groupama Stadium,,Head-to-Head,
6,Thu,2026-12-10,21:00,NK Celje si,,gr Olympiacos,,Stadion Z'dežele,,Head-to-Head,
6,Thu,2026-12-10,21:45 (18:45),Ararat-Armenia am,,nl NEC Nijmegen,,Vahagn Tumasyan Stadium,,Head-to-Head,
6,Thu,2026-12-10,22:00 (21:00),Levski Sofia bg,,no Lillestrøm,,Stadion Georgi Asparuhov,,Head-to-Head,
,,,,,,,,,,,
7,Thu,2027-01-21,18:45,NEC Nijmegen nl,,pt Benfica,,Goffertstadion,,Head-to-Head,
7,Thu,2027-01-21,18:45,Ferencváros hu,,it Juventus,,Groupama Arena,,Head-to-Head,
7,Thu,2027-01-21,18:45,Jagiellonia pl,,fr Lyon,,Chorten Arena,,Head-to-Head,
7,Thu,2027-01-21,18:45,Real Sociedad es,,cz Viktoria Plzeň,,Reale Arena,,Head-to-Head,
7,Thu,2027-01-21,18:45,Lillestrøm no,,eng Bournemouth,,Åråsen Stadion,,Head-to-Head,
7,Thu,2027-01-21,18:45,Sturm Graz at,,gr OFI Crete,,Merkur Arena,,Head-to-Head,
7,Thu,2027-01-21,19:45 (18:45),Olympiacos gr,,de Hoffenheim,,Stadio Georgios Karaiskáki,,Head-to-Head,
7,Thu,2027-01-21,20:00 (21:00),Celtic sct,,fr Marseille,,Celtic Park,,Head-to-Head,
7,Thu,2027-01-21,20:00 (21:00),Crystal Palace eng,,cz Sparta Prague,,Selhurst Park,,Head-to-Head,
7,Thu,2027-01-21,20:45 (18:45),Beşiktaş tr,,be Union SG,,Tüpraş Stadyumu,,Head-to-Head,
7,Thu,2027-01-21,21:00,AZ Alkmaar nl,,hr Dinamo Zagreb,,AFAS Stadion,,Head-to-Head,
7,Thu,2027-01-21,21:00,Lech Poznań pl,,pt Torreense,,ENEA Stadion,,Head-to-Head,
7,Thu,2027-01-21,21:00,Anderlecht be,,eng Sunderland,,Lotto Park,,Head-to-Head,
7,Thu,2027-01-21,21:00,Leverkusen de,,at RB Salzburg,,BayArena,,Head-to-Head,
7,Thu,2027-01-21,21:00,Rennes fr,,cy AC Omonia,,Roazhon Park,,Head-to-Head,
7,Thu,2027-01-21,21:45 (18:45),Ararat-Armenia am,,si NK Celje,,Vahagn Tumasyan Stadium,,Head-to-Head,
7,Thu,2027-01-21,22:00 (21:00),H. Be'er Sheva il,,es Celta Vigo,,Superbet Arena-Giulești,,Head-to-Head,
7,Thu,2027-01-21,22:00 (21:00),Levski Sofia bg,,it Milan,,Stadion Georgi Asparuhov,,Head-to-Head,
,,,,,,,,,,,
8,Thu,2027-01-28,20:00 (21:00),Sunderland eng,,bg Levski Sofia,,Stadium of Light,,Head-to-Head,
8,Thu,2027-01-28,20:00 (21:00),Bournemouth eng,,il H. Be'er Sheva,,Vitality Stadium,,Head-to-Head,
8,Thu,2027-01-28,20:00 (21:00),Benfica pt,,nl AZ Alkmaar,,Estádio do Sport Lisboa e Benfica,,Head-to-Head,
8,Thu,2027-01-28,20:00 (21:00),Torreense pt,,gr Olympiacos,,Estádio Dr. Magalhães Pessoa,,Head-to-Head,
8,Thu,2027-01-28,21:00,Lyon fr,,de Leverkusen,,Groupama Stadium,,Head-to-Head,
8,Thu,2027-01-28,21:00,NK Celje si,,nl NEC Nijmegen,,Stadion Z'dežele,,Head-to-Head,
8,Thu,2027-01-28,21:00,Milan it,,am Ararat-Armenia,,Stadio Giuseppe Meazza,,Head-to-Head,
8,Thu,2027-01-28,21:00,Hoffenheim de,,hu Ferencváros,,PreZero Arena,,Head-to-Head,
8,Thu,2027-01-28,21:00,Marseille fr,,be Anderlecht,,Orange Vélodrome,,Head-to-Head,
8,Thu,2027-01-28,21:00,RB Salzburg at,,eng Crystal Palace,,Red Bull Arena,,Head-to-Head,
8,Thu,2027-01-28,21:00,Juventus it,,es Real Sociedad,,Allianz Stadium,,Head-to-Head,
8,Thu,2027-01-28,21:00,Sparta Prague cz,,fr Rennes,,epet Arena,,Head-to-Head,
8,Thu,2027-01-28,21:00,Viktoria Plzeň cz,,pl Jagiellonia,,Doosan Arena,,Head-to-Head,
8,Thu,2027-01-28,21:00,Celta Vigo es,,no Lillestrøm,,Estadio Abanca Balaídos,,Head-to-Head,
8,Thu,2027-01-28,21:00,Dinamo Zagreb hr,,at Sturm Graz,,Stadion Maksimir,,Head-to-Head,
8,Thu,2027-01-28,21:00,Union SG be,,sct Celtic,,King Power at Den Dreef Stadion,,Head-to-Head,
8,Thu,2027-01-28,22:00 (21:00),OFI Crete gr,,pl Lech Poznań,,Pankritio Stadio,,Head-to-Head,
8,Thu,2027-01-28,22:00 (21:00),AC Omonia cy,,tr Beşiktaş,,Neo GSP,,Head-to-Head,