Round,Day,Date,Time,Home,Score,Away,Attendance,Venue,Referee,Match Report,Notes
First qualifying round,Thu,2026-07-09,19:00,Dynamo Kyiv ua,0–0,ro Univ. Cluj,1795,Motor Lublin Arena,Joonas Jaanovits,Match Report,Leg 1 of 2
First qualifying round,Thu,2026-07-09,20:00,Hajduk Split hr,2–0,sk MŠK Žilina,22352,Gradski stadion u Poljudu,Kyriakos Athanasiou,Match Report,Leg 1 of 2
First qualifying round,Thu,2026-07-09,20:00 (18:00),Qarabağ az,3–0,is ÍF Vestri,23549,Tofiq Bəhramov adına Respublika stadionu,Roman Jitari,Match Report,Leg 1 of 2
First qualifying round,Thu,2026-07-09,20:00 (19:00),Sheriff Tiraspol md,0–0,si Aluminij,5634,Bolshaya Sportivnaya Arena,Arnes Talic,Match Report,Leg 1 of 2
First qualifying round,Thu,2026-07-09,20:00,Vojvodina rs,1–2,hu Ferencváros,6557,Stadion Karađorđe,Mathieu Vernice,Match Report,Leg 1 of 2
First qualifying round,Thu,2026-07-09,21:00 (20:00),CSKA Sofia bg,3–2,ie Derry City,12713,Stadion Vasil Levski,Visar Kastrati,Match Report,Leg 1 of 2
First qualifying round,Thu,2026-07-16,18:30 (19:30),Derry City ie,1–2,bg CSKA Sofia,4155,The Ryan McBride Brandywell Stadium,Jasmin Šabotić,Match Report,Leg 2 of 2; CSKA Sofia won
First qualifying round,Thu,2026-07-16,20:00 (22:00),ÍF Vestri is,0–3,az Qarabağ,474,AVIS Völlurinn,Marek Radina,Match Report,Leg 2 of 2; Qarabağ won
First qualifying round,Thu,2026-07-16,20:00,Aluminij si,0–1,md Sheriff Tiraspol,2000,Ljudski Vrt,Anojen Kanagasingam,Match Report,Leg 2 of 2; Sheriff Tiraspol won
First qualifying round,Thu,2026-07-16,20:15,Ferencváros hu,3–0,rs Vojvodina,13901,Groupama Arena,Vitālijs Spasjoņņikovs,Match Report,Leg 2 of 2; Ferencváros won
First qualifying round,Thu,2026-07-16,20:30 (19:30),Univ. Cluj ro,(2) 0–0 (4),ua Dynamo Kyiv,20043,Cluj Arena,Iwan Griffith,Match Report,Leg 2 of 2; Dynamo Kyiv won; Dynamo Kyiv won a penalty shoot-out following extra time
First qualifying round,Thu,2026-07-16,20:30,MŠK Žilina sk,2–1,hr Hajduk Split,7823,Štadión Pod Dubňom,Horațiu Feșnic,Match Report,Leg 2 of 2; Hajduk Split won
,,,,,,,,,,,
Second qualifying round,Thu,2026-07-23,19:00,Hammarby se,1–1,be Anderlecht,23572,3Arena,Don Robertson,Match Report,Leg 1 of 2
Second qualifying round,Thu,2026-07-23,19:00,Dynamo Kyiv ua,2–3,gr PAOK,3225,Motor Lublin Arena,Sandi Putros,Match Report,Leg 1 of 2
Second qualifying round,Thu,2026-07-23,19:00,Tromsø no,0–1,cz Hradec Králové,5082,Romssa Arena,Snir Levi,Match Report,Leg 1 of 2
Second qualifying round,Thu,2026-07-23,20:00 (19:00),Sheriff Tiraspol md,0–5,il Maccabi Tel Aviv,7157,Bolshaya Sportivnaya Arena,Kyriakos Athanasiou,Match Report,Leg 1 of 2
Second qualifying round,Thu,2026-07-23,20:00,Twente nl,1–2,hu Ferencváros,27500,De Grolsch Veste,Damian Kos,Match Report,Leg 1 of 2
Second qualifying round,Thu,2026-07-23,20:00 (18:00),Qarabağ az,0–0,bg CSKA Sofia,23813,Tofiq Bəhramov adına Respublika stadionu,Daniele Chiffi,Match Report,Leg 1 of 2
Second qualifying round,Thu,2026-07-23,20:00,St. Gallen ch,2–1,pt Benfica,17179,Kybunpark,Luca Pairetto,Match Report,Leg 1 of 2
Second qualifying round,Thu,2026-07-23,21:00,Hajduk Split hr,2–0,cy Pafos FC,27752,Gradski stadion u Poljudu,Robert Harvey,Match Report,Leg 1 of 2
Second qualifying round,Thu,2026-07-23,21:00 (20:00),Beşiktaş tr,1–0,dk Midtjylland,31471,Tüpraş Stadyumu,Ricardo de Burgos,Match Report,Leg 1 of 2
Second qualifying round,Thu,2026-07-30,19:00,Midtjylland dk,0–2,tr Beşiktaş,10227,MCH Arena,John Brooks,Match Report,Leg 2 of 2; Beşiktaş won
Second qualifying round,Thu,2026-07-30,19:00,Hradec Králové cz,3–1,no Tromsø,9300,Malšovická Aréna,Nikola Dabanović,Match Report,Leg 2 of 2; Hradec Králové won
Second qualifying round,Thu,2026-07-30,20:00 (19:00),Pafos FC cy,4–0,hr Hajduk Split,4169,Alphamega Stadium,Paweł Raczkowski,Match Report,Leg 2 of 2; Pafos FC won; Required Extra Time
Second qualifying round,Thu,2026-07-30,20:00 (18:00),Maccabi Tel Aviv il,1–0,md Sheriff Tiraspol,1012,Adjarabet Arena,Mikkel Redder,Match Report,Leg 2 of 2; Maccabi Tel Aviv won
Second qualifying round,Thu,2026-07-30,20:00 (21:00),Benfica pt,5–0,ch St. Gallen,59563,Estádio do Sport Lisboa e Benfica,Florian Badstübner,Match Report,Leg 2 of 2; Benfica won
Second qualifying round,Thu,2026-07-30,20:30,Ferencváros hu,2–2,nl Twente,17201,Groupama Arena,Viktor Kopievskii,Match Report,Leg 2 of 2; Ferencváros won
Second qualifying round,Thu,2026-07-30,20:30,Anderlecht be,3–1,se Hammarby,18095,Lotto Park,Danilo Nikolić,Match Report,Leg 2 of 2; Anderlecht won
Second qualifying round,Thu,2026-07-30,20:45 (19:45),PAOK gr,2–0,ua Dynamo Kyiv,18760,Stadio Toumbas,Damian Sylwestrzak,Match Report,Leg 2 of 2; PAOK won
Second qualifying round,Thu,2026-07-30,21:00 (20:00),CSKA Sofia bg,(5) 0–0 (4),az Qarabağ,16172,Stadion Vasil Levski,Bram Van Driessche,Match Report,Leg 2 of 2; CSKA Sofia won; CSKA Sofia won a penalty shoot-out following extra time
,,,,,,,,,,,
Third qualifying round,Tue,2026-08-04,20:00 (21:00),Shamrock ie,3–1,al FK Egnatia,5047,Tallaght Stadium,Andris Treimanis,Match Report,Leg 1 of 2
Third qualifying round,Tue,2026-08-04,20:00 (21:00),Larne FC nir,0–0,ge Iberia 1999,1967,Inver Park,Mohammad Al Emara,Match Report,Leg 1 of 2
Third qualifying round,Wed,2026-08-05,20:15,Ferencváros hu,1–0,pl Górnik Zabrze,12870,Groupama Arena,Javier Alberola,Match Report,Leg 1 of 2
Third qualifying round,Thu,2026-08-06,18:00,Jagiellonia pl,2–1,sct Rangers,19931,Chorten Arena,Nikola Dabanović,Match Report,Leg 1 of 2
Third qualifying round,Thu,2026-08-06,18:00 (17:00),KuPS fi,1–1,ro CS U Craiova,1757,Väre Areena,Ondřej Berka,Match Report,Leg 1 of 2
Third qualifying round,Thu,2026-08-06,19:00 (18:00),Maccabi Tel Aviv il,0–3,bg CSKA Sofia,119,Adjarabet Arena,Manfredas Lukjančukas,Match Report,Leg 1 of 2
Third qualifying round,Thu,2026-08-06,19:00,Lech Poznań pl,1–0,fo KÍ Klaksvík,16541,ENEA Stadion,Orel Grinfeeld,Match Report,Leg 1 of 2
Third qualifying round,Thu,2026-08-06,19:00,Lincoln FC gi,1–1,cy AC Omonia,716,Europa Point Stadium,Əliyar Ağayev,Match Report,Leg 1 of 2
Third qualifying round,Thu,2026-08-06,19:00,Hradec Králové cz,0–1,tr Beşiktaş,9300,Malšovická Aréna,Horațiu Feșnic,Match Report,Leg 1 of 2
Third qualifying round,Thu,2026-08-06,19:00,RB Salzburg at,1–0,cy Pafos FC,7704,Red Bull Arena,Damian Sylwestrzak,Match Report,Leg 1 of 2
Third qualifying round,Thu,2026-08-06,20:00,Thun ch,3–0,is KV,6167,Stockhorn Arena,Giorgi Kruashvili,Match Report,Leg 1 of 2
Third qualifying round,Thu,2026-08-06,20:00 (21:00),Benfica pt,6–1,sct Hearts,60776,Estádio do Sport Lisboa e Benfica,Marian Barbu,Match Report,Leg 1 of 2
Third qualifying round,Thu,2026-08-06,20:45 (19:45),PAOK gr,0–1,be Anderlecht,19161,Stadio Toumbas,Juan Martínez,Match Report,Leg 1 of 2
Third qualifying round,Tue,2026-08-11,20:00 (18:00),Iberia 1999 ge,2–1,nir Larne FC,40833,Mikheil Meskhis Sakhelobis Stadioni,Rohit Saggi,Match Report,Leg 2 of 2; Iberia 1999 won; Required Extra Time
Third qualifying round,Thu,2026-08-13,17:30 (19:30),KV is,3–2,ch Thun,1108,Víkingsvöllur,Luís Godinho,Match Report,Leg 2 of 2; Thun won
Third qualifying round,Thu,2026-08-13,19:00,Górnik Zabrze pl,1–1,hu Ferencváros,23348,Stadion im. Ernesta Pohla,Andrea Colombo,Match Report,Leg 2 of 2; Ferencváros won
Third qualifying round,Thu,2026-08-13,19:30 (20:30),Rangers sct,1–1,pl Jagiellonia,41636,Ibrox Stadium,Vassilis Fotias,Match Report,Leg 2 of 2; Jagiellonia won
Third qualifying round,Thu,2026-08-13,19:45 (20:45),Hearts sct,1–1,pt Benfica,17068,Tynecastle Park,Sander van der Eijk,Match Report,Leg 2 of 2; Benfica won
Third qualifying round,Thu,2026-08-13,20:00 (19:00),Pafos FC cy,3–3,at RB Salzburg,6183,Alphamega Stadium,João Pinheiro,Match Report,Leg 2 of 2; RB Salzburg won
Third qualifying round,Thu,2026-08-13,20:00 (19:00),CS U Craiova ro,2–1,fi KuPS,22132,Stadionul Ion Oblemenco,Nenad Minaković,Match Report,Leg 2 of 2; CS U Craiova won
Third qualifying round,Thu,2026-08-13,20:00 (19:00),AC Omonia cy,1–0,gi Lincoln FC,10691,Neo GSP,Sebastian Gishamer,Match Report,Leg 2 of 2; AC Omonia won
Third qualifying round,Thu,2026-08-13,20:00 (19:00),Beşiktaş tr,1–0,cz Hradec Králové,30929,Tüpraş Stadyumu,Urs Schnyder,Match Report,Leg 2 of 2; Beşiktaş won
Third qualifying round,Thu,2026-08-13,20:30,Anderlecht be,3–2,gr PAOK,17976,Lotto Park,Simone Sozza,Match Report,Leg 2 of 2; Anderlecht won
Third qualifying round,Thu,2026-08-13,21:00 (20:00),CSKA Sofia bg,1–3,il Maccabi Tel Aviv,23653,Stadion Vasil Levski,Daniel Schlager,Match Report,Leg 2 of 2; CSKA Sofia won
Third qualifying round,Thu,2026-08-13,21:00,FK Egnatia al,5–1,ie Shamrock,4000,Egnatia Arena,Georgi Kabakov,Match Report,Leg 2 of 2; FK Egnatia won
Third qualifying round,Fri,2026-08-14,19:00 (20:00),KÍ Klaksvík fo,0–5,pl Lech Poznań,1465,Tórsvøllur,Igor Pajač,Match Report,Leg 2 of 2; Lech Poznań won
,,,,,,,,,,,
Play-off round,Thu,2026-08-20,18:00,Mjällby se,0–1,at RB Salzburg,3079,Strandvallen A-Plan,Mykola Balakin,Match Report,Leg 1 of 2
Play-off round,Thu,2026-08-20,18:00,Jagiellonia pl,4–0,ge Iberia 1999,19108,Chorten Arena,Ricardo de Burgos,Match Report,Leg 1 of 2
Play-off round,Thu,2026-08-20,19:00,FK Egnatia al,0–0,no Lillestrøm,4000,Egnatia Arena,Willy Delajod,Match Report,Leg 1 of 2
Play-off round,Thu,2026-08-20,19:00,Lech Poznań pl,7–0,ch Thun,22241,ENEA Stadion,Sebastian Gishamer,Match Report,Leg 1 of 2
Play-off round,Thu,2026-08-20,20:00 (17:00),FC Kairat kz,0–3,be Anderlecht,17563,Ortalıq Stadion,Chris Kavanagh,Match Report,Leg 1 of 2
Play-off round,Thu,2026-08-20,20:00 (19:00),Beşiktaş tr,3–0,lt Kauno Žalgiris,31494,Tüpraş Stadyumu,Tobias Stieler,Match Report,Leg 1 of 2
Play-off round,Thu,2026-08-20,20:00,Red Star rs,3–0,cz Viktoria Plzeň,31418,Stadion Rajko Mitić,Espen Eskås,Match Report,Leg 1 of 2
Play-off round,Thu,2026-08-20,20:00 (21:00),Benfica pt,3–1,dk AGF,59147,Estádio do Sport Lisboa e Benfica,Marco Guida,Match Report,Leg 1 of 2
Play-off round,Thu,2026-08-20,20:00,Sint-Truiden be,1–0,cy AC Omonia,6214,Daio Wasabi Stayen Stadium,Georgi Kabakov,Match Report,Leg 1 of 2
Play-off round,Thu,2026-08-20,20:00 (19:00),Trabzonspor tr,0–1,hu Ferencváros,32569,Papara Park Stadyumu,Igor Pajač,Match Report,Leg 1 of 2
Play-off round,Thu,2026-08-20,20:00 (19:00),CS U Craiova ro,1–1,am Ararat-Armenia,22712,Stadionul Ion Oblemenco,Nick Walsh,Match Report,Leg 1 of 2
Play-off round,Thu,2026-08-20,21:00 (20:00),OFI Crete gr,3–0,bg CSKA Sofia,12668,Pankritio Stadio,Srđan Jovanović,Match Report,Leg 1 of 2
Play-off round,Thu,2026-08-27,19:00,Viktoria Plzeň cz,5–1,rs Red Star,9238,Doosan Arena,Danny Makkelie,Match Report,Leg 2 of 2; Viktoria Plzeň won; Required Extra Time
Play-off round,Thu,2026-08-27,19:00,RB Salzburg at,3–0,se Mjällby,7654,Red Bull Arena,Irfan Peljto,Match Report,Leg 2 of 2; RB Salzburg won
Play-off round,Thu,2026-08-27,19:00,Lillestrøm no,2–1,al FK Egnatia,8010,Åråsen Stadion,João Pinheiro,Match Report,Leg 2 of 2; Lillestrøm won; Required Extra Time
Play-off round,Thu,2026-08-27,20:00 (18:00),Iberia 1999 ge,1–2,pl Jagiellonia,3014,Mikheil Meskhis Sakhelobis Stadioni,Simone Sozza,Match Report,Leg 2 of 2; Jagiellonia won
Play-off round,Thu,2026-08-27,20:00 (18:00),Ararat-Armenia am,1–0,ro CS U Craiova,9280,Vazgen Sargsyan anvan Hanrapetakan Marza...,Donatas Rumšas,Match Report,Leg 2 of 2; Ararat-Armenia won
Play-off round,Thu,2026-08-27,20:00 (19:00),AC Omonia cy,4–2,be Sint-Truiden,15008,Neo GSP,Damian Sylwestrzak,Match Report,Leg 2 of 2; AC Omonia won
Play-off round,Thu,2026-08-27,20:00 (19:00),Kauno Žalgiris lt,1–0,tr Beşiktaş,7079,S. Dariaus ir S. Girėno stadionas,Jesús Gil,Match Report,Leg 2 of 2; Beşiktaş won
Play-off round,Thu,2026-08-27,20:00,Thun ch,2–2,pl Lech Poznań,5223,Stockhorn Arena,Halil Umut Meler,Match Report,Leg 2 of 2; Lech Poznań won
Play-off round,Thu,2026-08-27,20:00,AGF dk,1–3,pt Benfica,8945,Cepheus Park Randers,Daniel Siebert,Match Report,Leg 2 of 2; Benfica won
Play-off round,Thu,2026-08-27,20:30,Ferencváros hu,4–0,tr Trabzonspor,21011,Groupama Arena,Rade Obrenović,Match Report,Leg 2 of 2; Ferencváros won
Play-off round,Thu,2026-08-27,20:30,Anderlecht be,3–0,kz FC Kairat,16861,Lotto Park,Espen Eskås,Match Report,Leg 2 of 2; Anderlecht won
Play-off round,Thu,2026-08-27,21:00 (20:00),CSKA Sofia bg,0–2,gr OFI Crete,12668,Stadion Vasil Levski,Ivan Kružliak,Match Report,Leg 2 of 2; OFI Crete won