Round,Wk,Day,Date,Time,Home,Score,Away,Attendance,Venue,Referee,Match Report,Notes
Group stage,1,Tue,2021-09-14,17:30 (16:30),Maccabi Tel Aviv il,4–1,am Alashkert,6934,Bloomfield Stadium,Espen Andreas Eskås,Match Report,
Group stage,1,Tue,2021-09-14,17:30 (16:30),Maccabi Haifa il,0–0,nl Feyenoord,15850,Sammy Ofer Stadium,Fabio Maresca,Match Report,
Group stage,1,Thu,2021-09-16,18:45,Slovan Bratislava sk,1–3,dk FC Copenhagen,9833,Štadión Tehelné pole,Michael Fabbri,Match Report,
Group stage,1,Thu,2021-09-16,18:45,Slavia Prague cz,3–1,de Union Berlin,15286,Sinobo Stadium,Fábio Veríssimo,Match Report,
Group stage,1,Thu,2021-09-16,18:45,Rennes fr,2–2,eng Tottenham,22000,Roazhon Park,Halis Özkahya,Match Report,
Group stage,1,Thu,2021-09-16,18:45,NŠ Mura si,0–2,nl Vitesse,3300,Mestni Štadion Fazanerija,Mohammed Al Hakim,Match Report,
Group stage,1,Thu,2021-09-16,18:45,Lincoln FC gi,0–2,gr PAOK,668,Victoria Stadium,Robert Harvey,Match Report,
Group stage,1,Thu,2021-09-16,19:45 (18:45),HJK Helsinki fi,0–2,at LASK,3612,Telia 5G -areena,Kirill Levnikov,Match Report,
Group stage,1,Thu,2021-09-16,19:45 (18:45),FC Flora ee,0–1,be Gent,2666,A. Le Coq Arena,Trustin Farrugia Cann,Match Report,
Group stage,1,Thu,2021-09-16,20:30 (16:30),FC Kairat kz,0–0,cy AC Omonia,7038,Ortalıq Stadion,Serhiy Boyko,Match Report,
Group stage,1,Thu,2021-09-16,20:45 (18:45),Qarabağ az,0–0,ch Basel,17586,Tofiq Bəhramov adına Respublika stadionu,Erik Lambrechts,Match Report,
Group stage,1,Thu,2021-09-16,21:00,Randers dk,2–2,nl AZ Alkmaar,3365,Cepheus Park Randers,Duje Strukan,Match Report,
Group stage,1,Thu,2021-09-16,21:00,Bodø/Glimt no,3–1,ua Zorya Luhansk,2703,Aspmyra Stadion,Dennis Higler,Match Report,
Group stage,1,Thu,2021-09-16,21:00,Roma it,5–1,bg CSKA Sofia,29876,Stadio Olimpico,Glenn Nyberg,Match Report,
Group stage,1,Thu,2021-09-16,21:00,Jablonec cz,1–0,ro CFR Cluj,2470,Stadion Střelnice,Enea Jorgji,Match Report,
Group stage,1,Thu,2021-09-16,22:00 (21:00),Anorthosis cy,0–2,rs Partizan,5000,Stadio Antonis Papadopoulos,Peter Kjærsgaard-Andersen,Match Report,
,,,,,,,,,,,,
Group stage,2,Thu,2021-09-30,18:45,Partizan rs,2–0,ee FC Flora,4845,Stadion Partizana,Julian Weinberger,Match Report,
Group stage,2,Thu,2021-09-30,18:45,LASK at,1–1,il Maccabi Tel Aviv,1000,Wörthersee Stadion,Mykola Balakin,Match Report,
Group stage,2,Thu,2021-09-30,18:45,Gent be,2–0,cy Anorthosis,10209,GHELAMCO-arena,Filip Glova,Match Report,
Group stage,2,Thu,2021-09-30,18:45,AZ Alkmaar nl,1–0,cz Jablonec,9071,AFAS Stadion,Rade Obrenović,Match Report,
Group stage,2,Thu,2021-09-30,19:45 (18:45),CFR Cluj ro,1–1,dk Randers,3825,Stadionul Dr. Constantin Rădulescu,Davide Massa,Match Report,
Group stage,2,Thu,2021-09-30,19:45 (18:45),CSKA Sofia bg,0–0,no Bodø/Glimt,7291,Stadion Vasil Levski,Aleksandrs Anufrijevs,Match Report,
Group stage,2,Thu,2021-09-30,19:45 (18:45),Zorya Luhansk ua,0–3,it Roma,7622,Slavutych-Arena,Luís Godinho,Match Report,
Group stage,2,Thu,2021-09-30,20:00 (21:00),Tottenham eng,5–1,si NŠ Mura,25121,Tottenham Hotspur Stadium,Igal Frid,Match Report,
Group stage,2,Thu,2021-09-30,20:45 (18:45),Alashkert am,2–4,fi HJK Helsinki,2000,Vazgen Sargsyan anvan Hanrapetakan Marza...,Horațiu Fesnic,Match Report,
Group stage,2,Thu,2021-09-30,21:00,Vitesse nl,1–2,fr Rennes,14571,GelreDome,Kevin Clancy,Match Report,
Group stage,2,Thu,2021-09-30,21:00,FC Copenhagen dk,3–1,gi Lincoln FC,13418,Parken,Kateryna Monzul,Match Report,
Group stage,2,Thu,2021-09-30,21:00,Feyenoord nl,2–1,cz Slavia Prague,38505,Stadion Feijenoord,Radu Petrescu,Match Report,
Group stage,2,Thu,2021-09-30,21:00,Basel ch,4–2,kz FC Kairat,8712,St. Jakob-Park,Stuart Attwell,Match Report,
Group stage,2,Thu,2021-09-30,21:00,Union Berlin de,3–0,il Maccabi Haifa,23342,Olympiastadion Berlin,Nick Walsh,Match Report,
Group stage,2,Thu,2021-09-30,22:00 (21:00),PAOK gr,1–1,sk Slovan Bratislava,7537,Stadio Toumbas,João Pinheiro,Match Report,
Group stage,2,Thu,2021-09-30,22:00 (21:00),AC Omonia cy,1–4,az Qarabağ,8345,Stadio GSP (1902),Bobby Madden,Match Report,
,,,,,,,,,,,,
Group stage,3,Thu,2021-10-21,17:30 (16:30),HJK Helsinki fi,0–5,il Maccabi Tel Aviv,4883,Telia 5G -areena,Pavel Orel,Match Report,
Group stage,3,Thu,2021-10-21,18:45,FC Copenhagen dk,1–2,gr PAOK,19552,Parken,Erik Lambrechts,Match Report,
Group stage,3,Thu,2021-10-21,18:45,Bodø/Glimt no,6–1,it Roma,5652,Aspmyra Stadion,Ali Palabıyık,Match Report,
Group stage,3,Thu,2021-10-21,18:45,NŠ Mura si,1–2,fr Rennes,3500,Ljudski vrt,Volen Chinkov,Match Report,
Group stage,3,Thu,2021-10-21,18:45,Vitesse nl,1–0,eng Tottenham,23931,GelreDome,Harm Osmers,Match Report,
Group stage,3,Thu,2021-10-21,18:45,Feyenoord nl,3–1,de Union Berlin,36100,Stadion Feijenoord,Giorgi Kruashvili,Match Report,
Group stage,3,Thu,2021-10-21,19:45 (18:45),Maccabi Haifa il,1–0,cz Slavia Prague,10000,Sammy Ofer Stadium,Ádám Farkas,Match Report,
Group stage,3,Thu,2021-10-21,19:45 (18:45),Anorthosis cy,2–2,ee FC Flora,4322,Neo GSP,István Vad,Match Report,
Group stage,3,Thu,2021-10-21,20:45 (18:45),Alashkert am,0–3,at LASK,1500,Vazgen Sargsyan anvan Hanrapetakan Marza...,Jens Maae,Match Report,
Group stage,3,Thu,2021-10-21,20:45 (18:45),Qarabağ az,2–1,kz FC Kairat,17252,Tofiq Bəhramov adına Respublika stadionu,Yevhen Aranovskyi,Match Report,
Group stage,3,Thu,2021-10-21,21:00,Jablonec cz,2–2,dk Randers,3678,Stadion Střelnice,Chang Ssu-yu,Match Report,
Group stage,3,Thu,2021-10-21,21:00,Basel ch,3–1,cy AC Omonia,10056,St. Jakob-Park,Stéphanie Frappart,Match Report,
Group stage,3,Thu,2021-10-21,21:00,Partizan rs,0–1,be Gent,8943,Stadion Partizana,Bobby Madden,Match Report,
Group stage,3,Thu,2021-10-21,21:00,Slovan Bratislava sk,2–0,gi Lincoln FC,6108,Štadión Tehelné pole,Vilhjálmur Thórarinsson,Match Report,
Group stage,3,Thu,2021-10-21,22:00 (21:00),CFR Cluj ro,0–1,nl AZ Alkmaar,3628,Stadionul Dr. Constantin Rădulescu,Halis Özkahya,Match Report,
Group stage,3,Thu,2021-10-21,22:00 (21:00),CSKA Sofia bg,0–1,ua Zorya Luhansk,3158,Stadion Vasil Levski,Manuel Schuettengruber,Match Report,
,,,,,,,,,,,,
Group stage,4,Thu,2021-11-04,17:30 (16:30),FC Flora ee,2–2,cy Anorthosis,2023,A. Le Coq Arena,Kári Høvdanum,Match Report,
Group stage,4,Thu,2021-11-04,18:45,AZ Alkmaar nl,2–0,ro CFR Cluj,10554,AFAS Stadion,Alain Durieux,Match Report,
Group stage,4,Thu,2021-11-04,18:45,LASK at,2–0,am Alashkert,400,Wörthersee Stadion,Mohammed Al Hakim,Match Report,
Group stage,4,Thu,2021-11-04,18:45,Lincoln FC gi,1–4,sk Slovan Bratislava,553,Victoria Stadium,Kristoffer Karlsson,Match Report,
Group stage,4,Thu,2021-11-04,18:45,Randers dk,2–2,cz Jablonec,4071,Cepheus Park Randers,Orel Grinfeeld,Match Report,
Group stage,4,Thu,2021-11-04,18:45,Gent be,1–1,rs Partizan,10595,GHELAMCO-arena,Chris Kavanagh,Match Report,
Group stage,4,Thu,2021-11-04,19:45 (18:45),Maccabi Tel Aviv il,3–0,fi HJK Helsinki,8029,Bloomfield Stadium,Rade Obrenović,Match Report,
Group stage,4,Thu,2021-11-04,19:45 (18:45),AC Omonia cy,1–1,ch Basel,4597,Neo GSP,Vitaly Meshkov,Match Report,
Group stage,4,Thu,2021-11-04,19:45 (18:45),Zorya Luhansk ua,2–0,bg CSKA Sofia,1122,Slavutych-Arena,Petri Viljanen,Match Report,
Group stage,4,Thu,2021-11-04,20:00 (21:00),Tottenham eng,3–2,nl Vitesse,36312,Tottenham Hotspur Stadium,Marco Di Bello,Match Report,
Group stage,4,Thu,2021-11-04,21:00,Rennes fr,1–0,si NŠ Mura,23115,Roazhon Park,Juri Frischer,Match Report,
Group stage,4,Thu,2021-11-04,21:00,Roma it,2–2,no Bodø/Glimt,41031,Stadio Olimpico,Anastasios Papapetrou,Match Report,
Group stage,4,Thu,2021-11-04,21:00,Slavia Prague cz,1–0,il Maccabi Haifa,13646,Sinobo Stadium,Kai Erik Steen,Match Report,
Group stage,4,Thu,2021-11-04,21:00,Union Berlin de,1–2,nl Feyenoord,30000,Olympiastadion Berlin,Daniel Stefański,Match Report,
Group stage,4,Thu,2021-11-04,21:30 (16:30),FC Kairat kz,1–2,az Qarabağ,2638,Ortalıq Stadion,Dumitru Muntean,Match Report,
Group stage,4,Thu,2021-11-04,22:00 (21:00),PAOK gr,1–2,dk FC Copenhagen,11166,Stadio Toumbas,Paweł Raczkowski,Match Report,
,,,,,,,,,,,,
Group stage,5,Thu,2021-11-25,17:30 (16:30),FC Flora ee,1–0,rs Partizan,1503,A. Le Coq Arena,Robert Harvey,Match Report,
Group stage,5,Thu,2021-11-25,18:45,Slovan Bratislava sk,0–0,gr PAOK,200,Štadión Tehelné pole,Dennis Higler,Match Report,
Group stage,5,Thu,2021-11-25,18:45,Rennes fr,3–3,nl Vitesse,23081,Roazhon Park,Espen Andreas Eskås,Match Report,
Group stage,5,Thu,2021-11-25,18:45,Lincoln FC gi,0–4,dk FC Copenhagen,1008,Victoria Stadium,Helgi Mikael Jónasson,Match Report,
Group stage,5,Thu,2021-11-25,18:45,NŠ Mura si,2–1,eng Tottenham,6100,Ljudski vrt,António Nobre,Match Report,
Group stage,5,Thu,2021-11-25,18:45,Slavia Prague cz,2–2,nl Feyenoord,14562,Sinobo Stadium,Mattias Gestranius,Match Report,
Group stage,5,Thu,2021-11-25,19:45 (18:45),Maccabi Haifa il,0–1,de Union Berlin,22150,Sammy Ofer Stadium,Michal Očenáš,Match Report,
Group stage,5,Thu,2021-11-25,19:45 (18:45),HJK Helsinki fi,1–0,am Alashkert,4424,Telia 5G -areena,Bram Van Driessche,Match Report,
Group stage,5,Thu,2021-11-25,21:00,Roma it,4–0,ua Zorya Luhansk,24000,Stadio Olimpico,István Kovács,Match Report,
Group stage,5,Thu,2021-11-25,21:00,Jablonec cz,1–1,nl AZ Alkmaar,2650,Stadion Střelnice,Manuel Schuettengruber,Match Report,
Group stage,5,Thu,2021-11-25,21:00,Randers dk,2–1,ro CFR Cluj,4309,Cepheus Park Randers,Donald Robertson,Match Report,
Group stage,5,Thu,2021-11-25,21:00,Bodø/Glimt no,2–0,bg CSKA Sofia,5339,Aspmyra Stadion,Igal Frid,Match Report,
Group stage,5,Thu,2021-11-25,21:30 (16:30),FC Kairat kz,2–3,ch Basel,4159,Ortalıq Stadion,Goga Kikacheishvili,Match Report,
Group stage,5,Thu,2021-11-25,21:45 (18:45),Qarabağ az,2–2,cy AC Omonia,17231,Tofiq Bəhramov adına Respublika stadionu,Morten Krogh,Match Report,
Group stage,5,Thu,2021-11-25,22:00 (21:00),Anorthosis cy,1–0,be Gent,2573,Neo GSP,Urs Schnyder,Match Report,
Group stage,5,Thu,2021-11-25,22:00 (21:00),Maccabi Tel Aviv il,0–1,at LASK,12203,Bloomfield Stadium,Jérôme Brisard,Match Report,
,,,,,,,,,,,,
Group stage,6,Thu,2021-12-09,18:45,Partizan rs,1–1,cy Anorthosis,4493,Stadion Partizana,Giorgi Kruashvili,Match Report,
Group stage,6,Thu,2021-12-09,18:45,Gent be,1–0,ee FC Flora,7421,GHELAMCO-arena,Kaspar Sjöberg,Match Report,
Group stage,6,Thu,2021-12-09,18:45,LASK at,3–0,fi HJK Helsinki,,Wörthersee Stadion,Igor Pajač,Match Report,
Group stage,6,Thu,2021-12-09,18:45,AZ Alkmaar nl,1–0,dk Randers,,AFAS Stadion,Trustin Farrugia Cann,Match Report,
Group stage,6,Thu,2021-12-09,19:45 (18:45),CFR Cluj ro,2–0,cz Jablonec,2400,Stadionul Dr. Constantin Rădulescu,Harm Osmers,Match Report,
Group stage,6,Thu,2021-12-09,19:45 (18:45),CSKA Sofia bg,2–3,it Roma,4640,Stadion Vasil Levski,Nick Walsh,Match Report,
Group stage,6,Thu,2021-12-09,19:45 (18:45),Zorya Luhansk ua,1–1,no Bodø/Glimt,1134,Slavutych-Arena,Krzysztof Jakubik,Match Report,
Group stage,6,Thu,2021-12-09,20:00 (21:00),Tottenham eng,0–3,fr Rennes,,Tottenham Hotspur Stadium,,Match Report,Match awarded to Rennes
Group stage,6,Thu,2021-12-09,21:00,FC Copenhagen dk,2–0,sk Slovan Bratislava,13021,Parken,István Vad,Match Report,
Group stage,6,Thu,2021-12-09,21:00,Union Berlin de,1–1,cz Slavia Prague,4380,Olympiastadion Berlin,Rade Obrenović,Match Report,
Group stage,6,Thu,2021-12-09,21:00,Vitesse nl,3–1,si NŠ Mura,,GelreDome,Filip Glova,Match Report,
Group stage,6,Thu,2021-12-09,21:00,Basel ch,3–0,az Qarabağ,10059,St. Jakob-Park,Fran Jović,Match Report,
Group stage,6,Thu,2021-12-09,21:00,Feyenoord nl,2–1,il Maccabi Haifa,,Stadion Feijenoord,Mykola Balakin,Match Report,
Group stage,6,Thu,2021-12-09,21:45 (18:45),Alashkert am,1–1,il Maccabi Tel Aviv,700,Vazgen Sargsyan anvan Hanrapetakan Marza...,Gergő Bogár,Match Report,
Group stage,6,Thu,2021-12-09,22:00 (21:00),PAOK gr,2–0,gi Lincoln FC,4648,Stadio Toumbas,Rohit Saggi,Match Report,
Group stage,6,Thu,2021-12-09,22:00 (21:00),AC Omonia cy,0–0,kz FC Kairat,3239,Neo GSP,Genc Nuza,Match Report,
,,,,,,,,,,,,
Knockout round play-offs,,Thu,2022-02-17,18:45,PSV nl,1–0,il Maccabi Tel Aviv,14280,Philips Stadion,Glenn Nyberg,Match Report,Leg 1 of 2
Knockout round play-offs,,Thu,2022-02-17,18:45,Rapid Wien at,2–1,nl Vitesse,10700,Allianz Stadion,Donatas Rumšas,Match Report,Leg 1 of 2
Knockout round play-offs,,Thu,2022-02-17,18:45,Midtjylland dk,1–0,gr PAOK,7088,MCH Arena,Craig Pawson,Match Report,Leg 1 of 2
Knockout round play-offs,,Thu,2022-02-17,20:00 (21:00),Celtic sct,1–3,no Bodø/Glimt,54926,Celtic Park,Andris Treimanis,Match Report,Leg 1 of 2
Knockout round play-offs,,Thu,2022-02-17,20:00 (21:00),Leicester City eng,4–1,dk Randers,25242,King Power Stadium,Radu Petrescu,Match Report,Leg 1 of 2
Knockout round play-offs,,Thu,2022-02-17,20:45 (18:45),Fenerbahçe tr,2–3,cz Slavia Prague,30094,Ülker Stadyumu Fenerbahçe Şükrü Saracoğl...,Maurizio Mariani,Match Report,Leg 1 of 2
Knockout round play-offs,,Thu,2022-02-17,21:00,Marseille fr,3–1,az Qarabağ,25173,Orange Vélodrome,Nikola Dabanović,Match Report,Leg 1 of 2
Knockout round play-offs,,Thu,2022-02-17,21:00,Sparta Prague cz,0–1,rs Partizan,1000,Generali Česká Pojišťovna Arena,Andreas Ekberg,Match Report,Leg 1 of 2
Knockout round play-offs,,Thu,2022-02-24,18:45,Randers dk,1–3,eng Leicester City,8948,Cepheus Park Randers,Irfan Peljto,Match Report,Leg 2 of 2; Leicester City won
Knockout round play-offs,,Thu,2022-02-24,18:45,Partizan rs,2–1,cz Sparta Prague,13864,Stadion Partizana,Georgi Kabakov,Match Report,Leg 2 of 2; Partizan won
Knockout round play-offs,,Thu,2022-02-24,18:45,Bodø/Glimt no,2–0,sct Celtic,5801,Aspmyra Stadion,Sergey Ivanov,Match Report,Leg 2 of 2; Bodø/Glimt won
Knockout round play-offs,,Thu,2022-02-24,19:45 (18:45),Maccabi Tel Aviv il,1–1,nl PSV,28058,Bloomfield Stadium,Harald Lechner,Match Report,Leg 2 of 2; PSV won
Knockout round play-offs,,Thu,2022-02-24,21:00,Vitesse nl,2–0,at Rapid Wien,13517,GelreDome,Jakob Kehlet,Match Report,Leg 2 of 2; Vitesse won
Knockout round play-offs,,Thu,2022-02-24,21:00,Slavia Prague cz,3–2,tr Fenerbahçe,10120,Sinobo Stadium,Chris Kavanagh,Match Report,Leg 2 of 2; Slavia Prague won
Knockout round play-offs,,Thu,2022-02-24,21:45 (18:45),Qarabağ az,0–3,fr Marseille,27783,Tofiq Bəhramov adına Respublika stadionu,Bartosz Frankowski,Match Report,Leg 2 of 2; Marseille won
Knockout round play-offs,,Thu,2022-02-24,22:00 (21:00),PAOK gr,(5) 2–1 (3),dk Midtjylland,7468,Stadio Toumbas,Lawrence Visser,Match Report,Leg 2 of 2; PAOK won; PAOK won a penalty shoot-out following extra time
Round of 16,,Thu,2022-03-10,18:45,Slavia Prague cz,4–1,at LASK,16754,Sinobo Stadium,Andris Treimanis,Match Report,Leg 1 of 2
Round of 16,,Thu,2022-03-10,18:45,Vitesse nl,0–1,it Roma,24022,GelreDome,Paweł Raczkowski,Match Report,Leg 1 of 2
Round of 16,,Thu,2022-03-10,18:45,Partizan rs,2–5,nl Feyenoord,13564,Stadion Partizana,Maurizio Mariani,Match Report,Leg 1 of 2
Round of 16,,Thu,2022-03-10,19:45 (18:45),PAOK gr,1–0,be Gent,9098,Stadio Toumbas,Bartosz Frankowski,Match Report,Leg 1 of 2
Round of 16,,Thu,2022-03-10,20:00 (21:00),Leicester City eng,2–0,fr Rennes,25848,The Leicester City Training Ground,Orel Grinfeeld,Match Report,Leg 1 of 2
Round of 16,,Thu,2022-03-10,21:00,Marseille fr,2–1,ch Basel,22992,Orange Vélodrome,Irfan Peljto,Match Report,Leg 1 of 2
Round of 16,,Thu,2022-03-10,21:00,Bodø/Glimt no,2–1,nl AZ Alkmaar,5724,Aspmyra Stadion,Nikola Dabanović,Match Report,Leg 1 of 2
Round of 16,,Thu,2022-03-10,21:00,PSV nl,4–4,dk FC Copenhagen,26003,Philips Stadion,Craig Pawson,Match Report,Leg 1 of 2
Round of 16,,Thu,2022-03-17,18:45,Rennes fr,2–1,eng Leicester City,27000,Roazhon Park,Anastasios Sidiropoulos,Match Report,Leg 2 of 2; Leicester City won
Round of 16,,Thu,2022-03-17,18:45,AZ Alkmaar nl,2–2,no Bodø/Glimt,15024,AFAS Stadion,Ivan Kružliak,Match Report,Leg 2 of 2; Bodø/Glimt won; Required Extra Time
Round of 16,,Thu,2022-03-17,18:45,FC Copenhagen dk,0–4,nl PSV,30337,Parken,William Collum,Match Report,Leg 2 of 2; PSV won
Round of 16,,Thu,2022-03-17,18:45,Basel ch,1–2,fr Marseille,22081,St. Jakob-Park,Artur Dias,Match Report,Leg 2 of 2; Marseille won
Round of 16,,Thu,2022-03-17,21:00,Roma it,1–1,nl Vitesse,40435,Stadio Olimpico,Radu Petrescu,Match Report,Leg 2 of 2; Roma won
Round of 16,,Thu,2022-03-17,21:00,Feyenoord nl,3–1,rs Partizan,40850,Stadion Feijenoord,Anthony Taylor,Match Report,Leg 2 of 2; Feyenoord won
Round of 16,,Thu,2022-03-17,21:00,LASK at,4–3,cz Slavia Prague,5403,NV Arena,Lawrence Visser,Match Report,Leg 2 of 2; Slavia Prague won
Round of 16,,Thu,2022-03-17,21:00,Gent be,1–2,gr PAOK,12388,GHELAMCO-arena,Daniel Siebert,Match Report,Leg 2 of 2; PAOK won
Quarter-finals,,Thu,2022-04-07,18:45,Feyenoord nl,3–3,cz Slavia Prague,42163,Stadion Feijenoord,Halil Umut Meler,Match Report,Leg 1 of 2
Quarter-finals,,Thu,2022-04-07,20:00 (21:00),Leicester City eng,0–0,nl PSV,31327,King Power Stadium,Ivan Kružliak,Match Report,Leg 1 of 2
Quarter-finals,,Thu,2022-04-07,21:00,Bodø/Glimt no,2–1,it Roma,7739,Aspmyra Stadion,Serdar Gözübüyük,Match Report,Leg 1 of 2
Quarter-finals,,Thu,2022-04-07,21:00,Marseille fr,2–1,gr PAOK,45182,Orange Vélodrome,Szymon Marciniak,Match Report,Leg 1 of 2
Quarter-finals,,Thu,2022-04-14,18:45,PSV nl,1–2,eng Leicester City,35000,Philips Stadion,Benoît Bastien,Match Report,Leg 2 of 2; Leicester City won
Quarter-finals,,Thu,2022-04-14,21:00,Slavia Prague cz,1–3,nl Feyenoord,19370,Sinobo Stadium,Deniz Aytekin,Match Report,Leg 2 of 2; Feyenoord won
Quarter-finals,,Thu,2022-04-14,21:00,Roma it,4–0,no Bodø/Glimt,61942,Stadio Olimpico,José Sánchez,Match Report,Leg 2 of 2; Roma won
Quarter-finals,,Thu,2022-04-14,22:00 (21:00),PAOK gr,0–1,fr Marseille,27648,Stadio Toumbas,Danny Makkelie,Match Report,Leg 2 of 2; Marseille won
Semi-finals,,Thu,2022-04-28,20:00 (21:00),Leicester City eng,1–1,it Roma,31659,The Leicester City Training Ground,Carlos del Cerro,Match Report,Leg 1 of 2
Semi-finals,,Thu,2022-04-28,21:00,Feyenoord nl,3–2,fr Marseille,24500,Stadion Feijenoord,Michael Oliver,Match Report,Leg 1 of 2
Semi-finals,,Thu,2022-05-05,21:00,Roma it,1–0,eng Leicester City,63940,Stadio Olimpico,Srđan Jovanović,Match Report,Leg 2 of 2; Roma won
Semi-finals,,Thu,2022-05-05,21:00,Marseille fr,0–0,nl Feyenoord,49315,Orange Vélodrome,Sandro Schärer,Match Report,Leg 2 of 2; Feyenoord won
Final,,Wed,2022-05-25,21:00,Roma it,1–0,nl Feyenoord,19597,Air Albania Stadium (Neutral Site),István Kovács,Match Report,